,latitude,longitude,depth_drilled,yield,target,fault0,fault1,fault2,fault3,fault4,fault5,fault6
0,38.7577,-119.34255,40.0,30.0,1.0,63.0182755998305,8.895321591273362,16.011446982122546,42.10112797777896,0.516416649106447,42.986844794531535,11.446472241120588
1,39.0,-119.0,855.0,45.0,1.0,65.92928375973696,4.822214158658423,23.257822599849284,56.0843222997974,0.21161320137534329,69.44957395785602,42.64739763386604
2,39.0,-119.0,684.0,35.0,1.0,65.92928375973696,4.822214158658423,23.257822599849284,56.0843222997974,0.21161320137534329,69.44957395785602,42.64739763386604
3,39.0,-120.0,153.0,250.0,1.0,33.72399876133359,4.9568106206872296,13.744214571578366,15.994547123256845,4.980942607557756,12.489679699646052,12.620127305480919
4,39.0,-120.0,330.0,500.0,1.0,33.72399876133359,4.9568106206872296,13.744214571578366,15.994547123256845,4.980942607557756,12.489679699646052,12.620127305480919
5,39.0,-119.0,300.0,25.0,1.0,65.92928375973696,4.822214158658423,23.257822599849284,56.0843222997974,0.21161320137534329,69.44957395785602,42.64739763386604
6,39.0,-119.0,120.0,30.0,1.0,65.92928375973696,4.822214158658423,23.257822599849284,56.0843222997974,0.21161320137534329,69.44957395785602,42.64739763386604
7,39.043056,-119.705551,260.0,650.0,1.0,21.47404971769892,4.570272165993798,0.06704851401695214,4.287138897590713,0.05394827205963268,15.65011836204234,0.4708490910613528
8,38.92398,-119.16193,95.0,32.0,1.0,58.74382564852234,3.3998110285747196,16.01870538495085,51.17332443118158,0.6240831251089386,54.85667223507651,32.868203080881656
9,38.85272853588871,-119.08684930663999,220.0,24.0,1.0,68.83599125402561,4.523451838931467,16.944170382871782,58.89080184702646,0.23202132038871118,61.768608096904714,35.99724650579524
10,39.376048,-119.19533899999999,78.0,30.0,1.0,43.734089162112056,16.36922620760221,6.733138184496525,20.450047508547787,2.057208372815045,72.54374856562723,23.950989252537894
11,39.0,-119.0,209.0,60.0,1.0,65.92928375973696,4.822214158658423,23.257822599849284,56.0843222997974,0.21161320137534329,69.44957395785602,42.64739763386604
12,38.80969,-119.40065,430.0,1300.0,1.0,55.52133408160885,11.157364019900097,15.601108903583086,34.86501336925821,0.9712956012034192,36.16829892341045,11.629783122147185
13,39.0,-120.0,203.0,60.0,1.0,33.72399876133359,4.9568106206872296,13.744214571578366,15.994547123256845,4.980942607557756,12.489679699646052,12.620127305480919
14,39.0,-120.0,240.0,30.0,1.0,33.72399876133359,4.9568106206872296,13.744214571578366,15.994547123256845,4.980942607557756,12.489679699646052,12.620127305480919
15,39.0,-120.0,150.0,20.0,1.0,33.72399876133359,4.9568106206872296,13.744214571578366,15.994547123256845,4.980942607557756,12.489679699646052,12.620127305480919
16,39.1491,-119.70358,160.0,30.0,1.0,10.053641777574594,0.12094986325545094,0.010884394523261091,4.465073986516487,0.12851751874760275,26.469426290905037,0.9182468664187721
17,38.922779083252,-119.090278625488,86.0,65.0,1.0,63.71476570167639,5.018547979256027,20.354934283170362,57.300051558249365,5.131444010148242,61.05550740679605,38.286140340806554
18,39.0,-119.0,250.0,20.0,1.0,65.92928375973696,4.822214158658423,23.257822599849284,56.0843222997974,0.21161320137534329,69.44957395785602,42.64739763386604
19,39.0,-119.0,300.0,70.0,1.0,65.92928375973696,4.822214158658423,23.257822599849284,56.0843222997974,0.21161320137534329,69.44957395785602,42.64739763386604
20,39.0,-120.0,380.0,1600.0,1.0,33.72399876133359,4.9568106206872296,13.744214571578366,15.994547123256845,4.980942607557756,12.489679699646052,12.620127305480919
21,39.22314,-119.26659,380.0,55.0,1.0,36.324470544671584,17.250116339542167,1.6227695116850176,22.243433728443673,1.8854591601221196,56.91917678163371,18.339107387477885
22,39.0,-119.0,410.0,18.0,1.0,65.92928375973696,4.822214158658423,23.257822599849284,56.0843222997974,0.21161320137534329,69.44957395785602,42.64739763386604
23,39.0,-119.0,317.0,20.0,1.0,65.92928375973696,4.822214158658423,23.257822599849284,56.0843222997974,0.21161320137534329,69.44957395785602,42.64739763386604
24,38.75049,-119.37024,126.0,25.0,1.0,62.576880136125816,8.63172820294029,17.972436781155743,40.37694845958525,0.19132674176847186,41.158935441309154,8.927417752002878
25,38.86473,-119.41486,176.0,20.0,1.0,49.57372074624764,14.39602229201912,13.473930735361748,31.169504461660644,0.05610037846713486,33.446612232600835,15.00043833403562
26,38.75615,-119.00778000000001,83.0,37.0,1.0,81.15744922649989,4.5334798264977145,11.53221787172911,68.45485926180518,1.285472885657776,70.52033318618281,39.776986497749306
27,38.753502000000005,-119.00263005566002,98.0,25.0,1.0,81.68359765611062,4.995639636638761,11.767394621032807,68.97501388102377,1.2302586991826077,71.0275357811737,40.19051190049457
28,38.734299,-119.56513500000001,210.0,25.0,1.0,57.67659911002969,7.863477704286775,13.56889354584562,23.37451000743521,0.6453434143896885,28.314854798969225,7.759665603731952
29,39.1856,-119.7103,280.0,100.0,1.0,6.091446675756924,2.347561751651994,0.05621964649570869,2.003677912050181,0.01783928354081357,30.190335384453313,0.4784798104598184
30,39.0,-119.0,150.0,15.0,1.0,65.92928375973696,4.822214158658423,23.257822599849284,56.0843222997974,0.21161320137534329,69.44957395785602,42.64739763386604
31,38.785425,-119.36653000000001,212.0,20.0,1.0,59.3101998349077,9.335935419754184,19.25427671260875,38.753402960533194,0.19724484312942328,39.87602654891418,11.381006883377044
32,38.829240000000006,-119.330281,210.0,30.0,1.0,56.83491311128962,6.153476158680141,19.78740452770747,39.43061693368393,0.4382738597683769,41.42165763015973,17.05129138007238
33,39.33215,-119.21837,140.0,18.0,1.0,40.72575715128979,14.701773814643847,2.053232782647577,19.6545776762098,2.469122992513731,67.77030797193191,20.78813616147179
34,38.869,-119.80389,140.0,40.0,1.0,40.82508563851471,0.012270562054869656,2.5815181941553194,9.54725588432705,2.107932729595018,4.467788905222805,2.5305403984279926
35,39.030440000000006,-119.72925,120.0,20.0,1.0,22.650960973740425,5.722683638984946,0.4650875815138807,1.8581161377306907,1.7529195846921641,13.415858716553165,1.5951951621827551
36,38.7374992370605,-119.4895,255.0,20.0,1.0,59.4369239850471,1.9648446109351116,14.975258855468368,29.93406420178245,1.1030396627587367,33.07517165208759,2.1010583051323892
37,38.73007,-119.511605,300.0,25.0,1.0,59.532136675159826,3.223281528650682,14.945111521849379,27.944768393820578,0.015549968297047903,32.08336123404474,3.136292348695368
38,39.0,-119.0,185.0,1500.0,1.0,65.92928375973696,4.822214158658423,23.257822599849284,56.0843222997974,0.21161320137534329,69.44957395785602,42.64739763386604
39,38.879540000000006,-119.42526000000001,245.0,20.0,1.0,47.69697790925443,15.913226858461428,12.757356289612439,29.775774269855642,0.6387213922538383,32.313912509788736,14.107028347593953
40,38.99327,-119.70678999999998,200.0,20.0,1.0,26.944445625461018,7.775572669351712,1.5397632839713788,3.5704614973871984,0.5702969988064132,11.248972708999093,2.717561621279923
41,39.382807,-119.300867,520.0,136.0,1.0,35.3425527218357,7.520589616607662,0.09010442862995476,11.350228323282623,3.154433160709212,66.86279054739018,16.09947679804974
42,38.744064,-119.493471,260.0,40.0,1.0,58.63111631829757,2.7402656545745163,14.168940541695793,29.68022944925557,1.5191086920199572,32.36452488572556,2.9062412312152586
43,38.820715,-119.34899999999999,255.0,15.0,1.0,56.727557938498194,7.544343679927974,19.585318310670306,38.31440153171837,0.7285869046789993,40.08569098365923,15.254672892180302
44,38.72911,-119.56523999999999,200.0,20.0,1.0,58.23045364772117,7.795164160946519,14.145350794121619,23.30092777129001,0.5527637498082156,28.715577134366065,7.681424668584791
45,39.34106,-119.16766000000001,160.0,20.0,1.0,45.19368194825967,18.834971735386112,5.02369363212797,23.508992478918824,0.8031928467371864,71.71127175017382,25.25794422277326
46,38.827946999999995,-119.34008600000001,260.0,25.0,1.0,56.477238034016146,6.939749270648958,20.197875872625687,38.70051585891899,0.035283866114249406,40.630223427766566,16.36930401424703
47,38.829567,-119.330937,280.0,40.0,1.0,56.77273655938425,6.218217903550017,19.852909927722163,39.36425934944881,0.3898221194993043,41.35791772278811,17.03966042052772
48,38.91769,-119.2039,220.0,20.0,1.0,56.46833153513989,1.5977311866563786,14.83345205916082,47.723712604563154,2.8763744152730366,51.22086886160889,30.304581033292433
49,39.0,-119.0,304.0,850.0,1.0,65.92928375973696,4.822214158658423,23.257822599849284,56.0843222997974,0.21161320137534329,69.44957395785602,42.64739763386604
50,38.89895,-119.76605,160.0,30.0,1.0,37.260656351491505,2.6485613228950404,2.555264388949954,5.787724206873707,0.7035171717245041,3.1286311569694667,2.219702879074956
51,39.0,-119.0,190.0,35.0,1.0,65.92928375973696,4.822214158658423,23.257822599849284,56.0843222997974,0.21161320137534329,69.44957395785602,42.64739763386604
52,38.705187,-119.54826200000001,150.0,20.0,1.0,61.19103163952334,6.56532048592821,16.912868569019057,24.659690454019454,1.4649184409017415,31.653996171105995,6.410131628970459
53,38.8232,-119.26286699999999,140.0,20.0,1.0,60.854901625914046,0.7234540581784523,15.614742733144487,45.121792247858515,0.5477091376268219,47.26434200973457,21.05959592388587
54,38.785022,-119.39596,210.0,15.0,1.0,58.140757848760146,9.146989492999841,17.08292764347043,36.565210140357934,0.7485730048999445,37.52760417315425,9.589108540880828
55,39.0,-119.0,320.0,150.0,1.0,65.92928375973696,4.822214158658423,23.257822599849284,56.0843222997974,0.21161320137534329,69.44957395785602,42.64739763386604
56,39.0,-120.0,160.0,30.0,1.0,33.72399876133359,4.9568106206872296,13.744214571578366,15.994547123256845,4.980942607557756,12.489679699646052,12.620127305480919
57,38.72463,-119.52533000000001,150.0,20.0,1.0,59.714989214754006,4.302741569922321,15.161203938452008,26.710645964287465,0.28040876191391056,31.576527323920768,4.185120422988834
58,38.723212,-119.524773,150.0,18.0,1.0,59.87990437558546,4.247600096230487,15.326077311373025,26.748656278691858,0.1674285205791898,31.717320043174652,4.125391217010815
59,38.81416,-119.25041,200.0,35.0,1.0,62.3075103720245,0.023904576356958796,14.19744416363859,46.48547931246542,1.0837386518511842,48.543539934154396,21.433970882009138
60,39.0,-119.0,155.0,60.0,1.0,65.92928375973696,4.822214158658423,23.257822599849284,56.0843222997974,0.21161320137534329,69.44957395785602,42.64739763386604
61,39.0,-119.0,140.0,45.0,1.0,65.92928375973696,4.822214158658423,23.257822599849284,56.0843222997974,0.21161320137534329,69.44957395785602,42.64739763386604
62,38.798293,-119.041374,240.0,100.0,1.0,75.8202717599156,3.1061379221485623,12.758355217569505,64.21917263048333,3.6733100415978877,66.61820032350587,37.721090271973736
63,39.0,-119.0,160.0,76.0,1.0,65.92928375973696,4.822214158658423,23.257822599849284,56.0843222997974,0.21161320137534329,69.44957395785602,42.64739763386604
64,38.724382,-119.52578799999999,140.0,25.0,1.0,59.728608217862636,4.340816325778802,15.177529063122574,26.669134134685596,0.24337548484796848,31.56505402196095,4.222290532256157
65,38.9076,-119.19475,160.0,30.0,1.0,57.81157694448992,0.620028668253712,16.178354422877234,48.641848335925,2.938404613239861,52.02333165309411,31.533481216932895
66,39.0,-119.0,140.0,40.0,1.0,65.92928375973696,4.822214158658423,23.257822599849284,56.0843222997974,0.21161320137534329,69.44957395785602,42.64739763386604
67,38.789984000000004,-119.29105700000001,220.0,25.0,1.0,62.359951503149105,3.1653048336226597,14.28936805200401,44.31216228193658,1.236873142616961,45.875122914366294,17.042346060271928
68,38.736521999999994,-119.483577,233.0,15.0,1.0,59.729469095118326,1.5548556079659328,15.318658341598363,30.433661640501324,1.117861623120625,33.55271982333929,1.791141210573155
69,38.722149,-119.333322,340.0,16.0,1.0,66.86327299173517,10.325537112353334,14.088679001399681,43.33947246242396,2.1166633670385555,45.454231708593866,11.306380390618518
70,38.734136,-119.48149,220.0,20.0,1.0,60.04353921264537,1.2335978808146355,15.638893782848967,30.587873570537432,0.8523193729105901,33.85606619200464,1.486120523664132
71,38.724171000000005,-119.526785,145.0,28.0,1.0,59.723649498730175,4.426011799928531,15.178139260967704,26.58124635243594,0.2164781914678818,31.515975732787247,4.306637284450539
72,38.734821999999994,-119.557281,400.0,225.0,1.0,57.80702548328161,7.2039434522241805,13.55351759886123,24.057934628436566,0.36822386821578185,28.765245748584007,7.103637698287817
73,38.790345,-119.29392002831999,220.0,25.0,1.0,62.185574499360214,3.3371586999609537,14.495469847169435,44.07119536042943,1.1286061159566,45.62652746318288,16.844458376608305
74,39.396644,-119.20623700000002,213.0,20.0,1.0,43.517920607207444,15.636208432480078,6.686539237069734,19.398427879970527,4.344728118492168,73.4874892593374,23.963572935599853
75,39.0,-120.0,259.0,30.0,1.0,33.72399876133359,4.9568106206872296,13.744214571578366,15.994547123256845,4.980942607557756,12.489679699646052,12.620127305480919
76,38.902840000000005,-119.19471999999999,319.0,35.0,1.0,58.17500694137792,0.2216373871477978,16.664517259751637,48.71484380796628,2.824288453810415,52.038714960398096,31.181403401346735
77,39.388909999999996,-119.21257,200.0,45.0,1.0,42.729460500781485,15.080283325408288,5.972780101990479,18.868442765891196,3.564261804130405,72.49245213698919,23.108233043710893
78,39.28763,-119.760447,230.0,20.0,1.0,4.370367514415975,6.463733929872601,2.667555002443944,1.6614747735656417,0.01936576504151786,40.62162383238374,3.921703000339444
79,38.886222,-119.674527,300.0,15.0,1.0,39.123719860982256,3.2610142919195355,6.942553843140551,10.363089612359076,2.769576935808859,10.970400136046647,3.67959838779518
80,39.059802000000005,-119.787535,458.0,200.0,1.0,19.600392161950726,1.0018229273384058,0.03214287134278673,5.418214953939582,7.018069232067152,15.172940469346173,6.804394526991562
81,38.907829,-119.81662299999999,220.0,30.0,1.0,36.68962059533042,1.2152425035444576,0.04357742477560141,6.045456871194339,1.5967844588967957,0.3492969848961243,0.04293303656358855
82,39.028560999999996,-119.715604,260.0,30.0,1.0,22.957536557432658,5.955450750123726,0.04207943983662163,2.6329055144896403,0.7761654154255363,13.822627517169723,0.6579171286268622
83,39.101252,-119.756452,200.0,40.0,1.0,14.743489099312491,0.023255429209648293,0.05073415357748305,9.105852463101328,5.019875112425246,20.138328738114673,5.000556020966374
84,39.306993,-119.49743600000001,160.0,25.0,1.0,16.64169433791422,3.0556876196576326,2.0410182209551286,6.702753530919962,0.5778299919479436,50.05769288446754,2.930799068475621
85,38.911009,-119.81729299999999,175.0,15.0,1.0,36.349216040526535,1.521066924130345,0.03954384804691236,5.796906796698087,1.9024372337285171,0.29157418430253285,0.046776840509918864
86,38.888416,-119.815386,120.0,100.0,1.0,38.80920397664968,0.6055241552563992,0.6315341333704649,7.85559438729914,1.2321090476513001,2.235587918849854,1.146357749881882
87,39.369273,-119.71973200000001,218.0,30.0,1.0,9.766720269508436,7.365225696677498,2.518081708283276,5.475587897834489,4.297312192357817,50.05815049702202,5.810344302579091
88,39.359522,-119.652068,300.0,30.0,1.0,9.429715792743934,1.7771239490134922,2.866941640823965,5.979849390590423,3.0346232967794533,50.17439653196181,7.42575134247273
89,39.374055,-119.648101,152.0,25.0,1.0,11.051855111044329,2.0261754876185236,4.425593044808205,7.521999324458848,3.710196957209399,51.82437280343308,8.191358868848825
90,38.771404,-119.397446,340.0,15.0,1.0,59.432903783126264,7.951001102594088,17.73283495190926,37.25921250846618,0.6946586395534669,38.02281117604715,8.37535418120739
91,39.346533,-119.44796699999999,260.0,15.0,1.0,22.097633180148925,2.2175183443582025,2.4721021271200385,2.1777689270916625,1.8807562403729812,56.05057883529172,4.842568263329985
92,39.242639000000004,-119.938728,298.0,20.0,1.0,16.058629067969463,4.150762844530754,8.161204880575946,3.008591388260634,0.5158428712847937,36.07264040890796,4.419240570591339
93,39.338201,-119.18271399999999,193.0,30.0,1.0,43.86315691873176,17.59423755694517,3.8591163531572086,22.34881717781695,0.03104038183397686,70.51912062285551,23.92660534496556
94,39.345481,-119.16173500000001,290.0,25.0,1.0,45.782846391531166,19.289221234706595,4.695118724433925,23.88239074044711,0.4101199988912751,72.4179509490789,25.852416013244092
95,39.007041,-119.84701100000001,300.0,12.0,1.0,26.538979778781513,1.0724735062406607,1.1272899624010613,5.29941500434577,10.277808194454606,9.59258623599273,9.597627947105387
96,39.333021,-119.21946299999999,160.0,25.0,1.0,40.64964063337759,14.588779345883022,2.1500728525153514,19.533285415406105,2.5012767638750284,67.76525515093958,20.713014333225736
97,39.326,-119.82,180.0,25.0,1.0,10.846857946191482,3.873990179521781,6.2720286360450554,7.220669851676303,0.9164573157530607,44.72694779741326,7.731693075750953
98,39.04696,-119.71033999999999,320.0,14.0,1.0,20.983239148998333,4.029957207140714,0.02555748661136919,4.314008129493134,0.4935681142401903,15.811745868164246,0.6925158891454763
99,38.71750752865587,-119.36057320154211,0.0,0.0,0.0,66.2265150491468,7.904905582414908,16.353720243121153,40.960711657148366,0.8635692680453675,43.64492536463525,8.924531490887492
100,38.85624751670418,-119.72497068163088,0.0,0.0,0.0,42.021978091141555,0.745537918902298,7.586611534213325,10.979856591507358,0.020275505049564192,8.924407244040763,1.9860686979422002
101,39.17368964119604,-119.26352878583599,0.0,0.0,0.0,37.65225874650216,17.423823170063915,0.4412741972250793,26.62747808580671,7.385786760809429,54.12316937095956,18.313834997551727
102,38.760857182840596,-119.10782043229516,0.0,0.0,0.0,74.75276616095728,0.018377389247616897,6.5760311237166515,60.16085733185931,5.826971924096755,62.018344058879954,31.24341162983583
103,38.720858053606655,-119.57807818031473,0.0,0.0,0.0,58.83460756386895,8.873496228056187,15.054380965384949,22.11549607445326,0.0318399707812228,28.619984523337276,8.74524622859398
104,39.053748701672355,-119.7813620251964,0.0,0.0,0.0,20.189553211671118,1.8150583898805,0.02203806383473218,4.654210801808212,6.3415615606254025,14.564131011461415,6.099339683248294
105,39.08145903642225,-119.35011556222048,0.0,0.0,0.0,35.17989876448857,14.150138207467691,4.59866658813728,32.76659542467155,3.092749953077875,42.665657339348456,11.364167473653886
106,39.11248597871314,-119.7795593779593,0.0,0.0,0.0,13.708185800587714,2.1526503323968034,0.007720202437574449,8.510009112917464,6.77308842798986,21.07206588756438,6.705739863695413
107,38.70454913177465,-119.19056954332217,0.0,0.0,0.0,75.15757208040486,7.734278118229061,1.5657878155657088,55.707758499021466,6.755943513416748,57.4386447018729,23.710534939932092
108,39.18869757649176,-119.1941807481672,0.0,0.0,0.0,43.09538813523337,23.416514812828808,2.78322593441968,29.393015423887658,7.561724569393972,60.13557176613918,24.219096657079422
109,38.80883564986825,-119.659749483482,0.0,0.0,0.0,47.825887463431386,2.6242416471031036,8.68912681450395,18.062902834623035,0.030208909259767706,16.65281743703924,6.430775048100568
110,38.935616181578844,-119.04278692779322,0.0,0.0,0.0,66.27863534856566,1.0413436504766032,22.8610305562765,59.2579042955538,1.6117721463157315,65.19003992734733,41.364950463042135
111,39.122608221956824,-119.15250563365254,0.0,0.0,0.0,48.48098641039199,20.53129833216689,6.8652800691561,37.12696101037307,8.831672575923964,60.12702160029075,28.73897690051588
112,39.21081225068568,-119.19287172672561,0.0,0.0,0.0,42.801418794550074,22.90170453562423,3.4025982369184025,27.88168344551219,5.542873557313842,61.47067767992629,24.434425090631034
113,39.38118103478556,-119.4637719085453,0.0,0.0,0.0,22.70995271785762,5.640005114011538,1.151134901553348,0.04089790197653459,5.706303955907531,58.63147455531532,8.635636439280992
114,39.086428441891265,-119.62146562279165,0.0,0.0,0.0,19.391748404598122,8.081081214199177,6.044112380939129,12.973399705539569,0.012892571545750731,23.8561812052548,6.5364289518357515
115,39.13296382665497,-119.17059533574701,0.0,0.0,0.0,46.635246290031304,22.31819501354184,5.416813196433666,35.222268322858866,9.42116989164746,59.140512457531,26.971992903900524
116,39.104146501679736,-119.13829309968922,0.0,0.0,0.0,50.329547256259694,18.139981794841795,8.157596823225706,39.469162929106474,9.169735293078938,60.53306156233514,29.730590194291736
117,38.732077068558965,-119.29542816378508,0.0,0.0,0.0,67.55019781673693,8.907941888054639,11.167238593236235,46.67343357371354,1.0588474678384896,47.892321032255644,14.67967190833248
118,38.90257157452148,-119.77210172434846,0.0,0.0,0.0,36.88007957659487,1.989251325719911,1.915950821304053,5.393027494538694,0.8834202384408786,2.4688137695764634,1.9087681067326374
119,38.95538252527906,-119.3643155557356,0.0,0.0,0.0,43.86040193242228,14.767123289207618,12.041855877292969,33.32081682823342,3.1003488015927605,37.576880771140665,17.50541034049082
120,38.84665492154004,-119.62981903288312,0.0,0.0,0.0,44.1804578472665,2.910916044735437,4.397381338286555,16.212933020148398,0.021187851582884405,16.25383871256352,4.520088676494962
121,39.35565821139875,-119.73302217795089,0.0,0.0,0.0,8.548530107628503,7.885867903581936,0.8512426382887632,4.048904680375986,2.646523348055791,48.40238511496542,4.26880093823496
122,39.126391703966895,-119.35196461475341,0.0,0.0,0.0,32.46348393290379,11.025565502144918,4.146725708716225,27.918427764177082,5.6957435749073655,44.88101482055545,12.154844414079623
123,39.210388758565244,-119.8288613518019,0.0,0.0,0.0,7.113079874447755,5.027365627880266,0.5820287629559326,3.104842489433558,5.252816300121116,31.903790347698493,3.912476078386148
124,38.96561880923036,-119.83659750623808,0.0,0.0,0.0,30.722351588573392,0.6503775410587841,0.1794230510815587,4.15613667986897,8.090245862201549,4.986947329691008,5.018979230578127
125,39.14799983189787,-119.01047664936341,0.0,0.0,0.0,59.52988003542577,20.687338466290495,16.563023728963415,44.744328917575125,0.020198426127662865,72.56872855002075,40.316816933951905
126,39.17922997569291,-119.44305025622535,0.0,0.0,0.0,22.82293756756481,1.943691284328658,1.9569015637392753,20.791261481219955,2.880257638906215,42.009278696260594,2.938626056436506
127,39.24319993808238,-119.15714807981018,0.0,0.0,0.0,45.49635575507411,23.450954991806388,5.139972905918013,28.442635672853896,0.8254844247462273,65.984738080603,26.474798707889907
128,38.887418613182994,-119.68454695194092,0.0,0.0,0.0,38.867474408241385,2.9349520480236744,7.815986936960684,9.66045504446466,2.5323275046003504,10.10262221231596,3.396235861027556
129,39.36003680003454,-119.78901715641368,0.0,0.0,0.0,11.381417720078291,6.402631201800153,2.6945684605492546,6.98265332805898,1.191344643679464,48.51943419052239,7.002128946765048
130,38.92027451655894,-119.12363237352733,0.0,0.0,0.0,61.582741321537824,5.250723132316543,18.459541215472242,54.5068838437343,2.231863864531877,58.16767689673166,35.9047633153477
131,38.97694233074247,-119.34456133470512,0.0,0.0,0.0,43.1784826674303,14.43337427107434,9.101796165431445,34.64463716006346,1.8188168583745332,39.60473619213324,16.790159807183375
132,39.02119629681118,-119.08545241025945,0.0,0.0,0.0,58.27877845219603,7.8818443386765145,15.778613438454872,49.45092350015001,2.1764609861906523,62.51934124816475,34.92986014869739
133,38.87263925538579,-119.73511983350195,0.0,0.0,0.0,40.17300337965553,2.6415568993476186,5.97738318174781,8.98923425367426,0.8589791620933216,7.052023715713873,3.366539517387245
134,38.88391912596606,-119.43863186583685,0.0,0.0,0.0,46.698933142639916,17.165798731308847,11.72256178409331,28.524180398609396,1.8494008977676113,31.106514238362834,12.993693239258137
135,39.328476018521734,-119.41541400977646,0.0,0.0,0.0,24.079816520900355,0.034601085752638136,5.150013024932313,5.019771660536288,2.9946457009295897,55.99880304022205,4.558372224146445
136,38.8535245314101,-119.60059949485961,0.0,0.0,0.0,44.080392137208484,5.529129843155988,1.7613044351773237,17.5888003964507,0.026782231358322604,18.2272707146926,2.2599348627555114
137,39.056668405573525,-119.00246239350489,0.0,0.0,0.0,63.171966483349884,10.727267405435548,20.60347288311169,51.513034548089884,5.188922894222529,70.33437763810454,41.49540253690318
138,39.13921222919217,-119.89035086964934,0.0,0.0,0.0,15.942024949710353,3.3177488569738083,6.351768671017102,11.345319929225559,6.436103866255296,24.29521984040324,6.038877224825977
139,38.99551197675978,-119.20792063563704,0.0,0.0,0.0,50.728042918622705,10.253779338141593,7.377343555499838,46.12416628782298,8.697233756950363,51.5975472610765,25.613920346064944
140,38.96713350055458,-119.93647229384804,0.0,0.0,0.0,33.695908354243045,0.14794576939666126,7.360814427395673,12.748809342818461,5.104918214549538,6.189437809266362,6.322966370292969
141,39.0703800415694,-119.0038786197599,0.0,0.0,0.0,62.51563484866736,12.195743275255106,20.136614810264856,50.40971246230454,5.710667931421136,70.5627020613344,41.28584423230542
142,39.30254579156415,-119.02892162238638,0.0,0.0,0.0,56.55953277053325,31.33104461781078,2.740477535492734,36.163985584328344,1.770970955748337,78.84506991952736,36.76882190651354
143,39.20450527355214,-119.98851897805719,0.0,0.0,0.0,20.61030488006748,4.5877598640342665,13.281542950353465,2.2716030670945355,3.216246640049918,32.60451770086775,6.860664331311226
144,39.07587923128616,-119.31828963097342,0.0,0.0,0.0,37.8100858366689,16.594076574430158,2.9573444717003166,34.16340793658867,3.069374513220077,44.91813532265242,14.137479926912187
145,39.14867325900587,-119.73317481004746,0.0,0.0,0.0,9.511922115372727,0.7455743493743444,0.03687346008983371,3.6898898929970443,2.1586760936205756,25.72546578955895,2.7195088866127763
146,39.004335675468376,-119.88844782640412,0.0,0.0,0.0,28.134783992925765,0.027917020569335843,4.350426733610781,8.84392010960301,10.786471635791806,9.292023252632301,9.291488515096084
147,39.36767114926476,-119.5462762936708,0.0,0.0,0.0,16.042650056966007,5.750923882459271,1.8721298110285036,5.414648638009786,1.9219338471646437,54.07200660184934,5.734233532413431
148,38.88437233552577,-119.1241470596218,0.0,0.0,0.0,64.08782451401301,3.899124081968171,20.008187146804644,55.06313874630797,2.725316944154698,58.23660141830482,34.84015932873478
149,38.825056316371096,-119.4994138869497,0.0,0.0,0.0,50.129338832876556,11.363726844161977,7.078544006121316,26.596142369527275,3.184524129610163,27.54333728297983,9.243415413719275
150,39.30936299888574,-119.08737216065518,0.0,0.0,0.0,51.59694597561845,26.255362089465226,1.2821823041664138,31.13553341045069,2.129064096836852,75.0600179369686,31.755456375832285
151,39.14726464640621,-119.70155520855137,0.0,0.0,0.0,10.30648926393354,0.29581795280235146,0.027393424088941333,4.732689625116043,0.31333708927941417,26.332453560163074,0.6637505587597937
152,38.80698748798475,-119.39102978856182,0.0,0.0,0.0,56.18235175076161,11.114135703763244,16.487470561747138,35.74115718101356,0.37578158962111946,37.054578974788804,11.8088534635713
153,39.07756532108374,-119.23748919992485,0.0,0.0,0.0,43.73779413295486,19.556762307832184,1.8274925782738667,36.85688318836532,8.768923589728582,51.47480006604344,21.097498224536032
154,39.07124757053663,-119.22137352136944,0.0,0.0,0.0,45.29632382912644,18.71793453290381,3.0956573178408946,38.159033291225064,9.862429369345078,52.55095924522766,22.522185067682315
155,39.350369031385235,-119.98052325761417,0.0,0.0,0.0,23.260565013710387,3.4894789676328974,3.596807009839344,10.739020088918139,2.89962141303465,48.412445877728665,5.859194050576844
156,39.28216587055283,-119.12127812217682,0.0,0.0,0.0,48.51527352230586,24.34701271956455,4.435856194195539,29.501173695395547,0.0343980799318069,70.94367952178307,28.881124291583294
157,39.3628646117086,-119.12199040079597,0.0,0.0,0.0,49.512806322004835,22.623623259742647,0.861320812308304,26.88873106106797,0.17902790985464498,76.28048192860673,29.610716347582745
158,39.040193324321635,-119.91434654793213,0.0,0.0,0.0,25.72564120718839,0.06941239687881284,6.008177314854068,11.908168900422233,11.823509460394641,13.463455601954958,13.43346030935226
159,39.232421515680066,-119.93078748153161,0.0,0.0,0.0,15.357389025796344,2.995585319652715,8.1143461159615,3.224841733614724,0.2880339113341726,34.86456872932618,3.103481242226064
160,38.789874025149835,-119.23416557069301,0.0,0.0,0.0,65.3091128687816,2.6527630081092157,11.155032190082782,48.80630040423157,3.956017115546715,50.59682229375392,21.49746308926582
161,39.08486251544647,-119.52471762190127,0.0,0.0,0.0,23.988583999085858,10.020408268040986,3.4057391690071706,20.24777521280857,0.4276389737690955,29.86873453739158,3.468808086680503
162,39.310703128759684,-119.73494337105994,0.0,0.0,0.0,4.188005559185226,7.576350455850071,0.06239705887999901,0.11323529794401653,1.847167291646013,43.42384935434054,0.5470175063724294
163,38.84825874380946,-119.57686205979911,0.0,0.0,0.0,45.256741117061125,7.498580613759024,0.8836075908364087,19.584918873588094,1.3170469490363321,20.35411402671051,2.760749618907274
164,39.21095174836299,-119.46070391122055,0.0,0.0,0.0,20.168419328783692,2.359549104933459,1.3793206075537237,17.156445449617042,2.1269309160365246,43.42429586930397,2.6094989989776396
165,38.91820140391063,-119.7988489366103,0.0,0.0,0.0,35.33831488375845,0.015344145485567858,0.3264234280291389,4.252155081560631,2.0714225130814516,0.19785529300481056,0.05556265040475125
166,39.15491464034762,-119.00485064333911,0.0,0.0,0.0,59.84257028473201,21.497672170078935,15.975320540588662,44.74065781362857,0.1890415662533931,73.29496095355607,40.71992046653635
167,39.06230308872492,-119.5618999160855,0.0,0.0,0.0,24.183696901174574,13.653342764611493,6.937171860957345,16.374970881231334,0.0313459284472507,25.794679838048364,7.052560153938953
168,39.111816102920066,-119.66191443785254,0.0,0.0,0.0,15.274937441880395,4.543375294858706,1.611002570549917,9.941679568888432,0.3694210145706931,24.14973414323546,2.071673712301031
169,38.85415216911609,-119.76988526740342,0.0,0.0,0.0,42.25231314167091,3.2321292880261603,4.945440820257117,10.771032745074464,0.022631808397917532,6.842068233189918,4.490236759273081
170,39.141772070089075,-119.92900691399096,0.0,0.0,0.0,18.397038310748275,0.11668703754307881,9.119134804277278,9.516831908255087,4.9481945976991035,24.832226129318194,6.335331371403909
171,39.333794009104295,-119.77105821618885,0.0,0.0,0.0,8.194106883981675,7.493907319823467,2.073880559782079,3.8761924877688174,0.4912559411119475,45.67117024635193,4.021296477976184
172,38.74960014492206,-119.14036459974625,0.0,0.0,0.0,73.86111528225906,2.0342452927883605,4.986977083722085,58.05640642545692,5.1647181208647845,59.69191906863745,28.270552854189557
173,39.1682844448074,-119.76199536563101,0.0,0.0,0.0,7.340594366233539,2.705705950750915,0.023999507343054817,2.566045042942944,2.1517972083269132,27.413062671283317,2.0757959307360556
174,39.0997301653277,-119.06448575941933,0.0,0.0,0.0,56.492355817389054,15.479994694599045,14.54013078959157,44.32826144998137,4.6089614394927025,66.40706186910303,36.06082120378131
175,39.24923359700353,-119.5273289736882,0.0,0.0,0.0,13.676046333356233,7.7829839993459515,3.911201427477501,13.60301879840921,0.6016293773583654,43.253716437436026,4.997779659035107
176,38.83328694005332,-119.19250300223335,0.0,0.0,0.0,63.853867094566176,0.4499036308708398,14.564310527305873,50.55526850687497,2.177504606014047,53.0230022861946,26.847957423746333
177,39.00173582768447,-119.90306918577117,0.0,0.0,0.0,28.94678590026343,0.02726369169834126,5.639240354594482,10.099578923734105,9.560848271579017,9.10549634309603,9.063369740224378
178,39.02691726762568,-119.57642137698008,0.0,0.0,0.0,27.069832536166686,13.924311038782992,9.878956290945796,14.376461958240954,1.0771109799985918,22.56480580938275,10.076788563930606
179,39.17135518310531,-119.27092415054015,0.0,0.0,0.0,37.108115754902194,16.786711373324742,0.9608010029537446,26.46838101618312,7.6454498079123825,53.442513685250326,17.70465920312424
180,38.76889250980637,-119.01583478863404,0.0,0.0,0.0,79.67302266611885,3.844562723943938,11.788568330754385,67.3267404134856,2.477477280454566,69.49408412924681,39.264652739002486
181,38.937511823776475,-119.59737871789773,0.0,0.0,0.0,35.31290378249169,11.29329744091656,5.8465401715231495,13.699688738068081,1.8835392692356951,17.322974548162932,6.883616044135137
182,38.8740594337442,-119.13832746364722,0.0,0.0,0.0,63.932269339535495,2.9970383454538605,18.830535473484563,54.05142878924894,2.1712905980661765,57.09533383804491,33.19067056670608
183,39.01402948348319,-119.80979109155919,0.0,0.0,0.0,24.957292772904022,1.0207160315432116,0.011734349488409188,2.5148038996743103,7.28795907645463,10.01659633318101,8.75232254924761
184,38.89498160126686,-119.57811836016559,0.0,0.0,0.0,40.32685347603566,9.097587562271583,1.3267985781354883,16.839896569750138,1.4163852671031223,18.968897591565753,2.428747627236849
185,39.34628591949321,-119.7501935521179,0.0,0.0,0.0,8.18915573604915,9.162296308628637,0.030008015038429432,3.725653138612567,0.9448686683832602,47.20034049188719,3.688750689850506
186,39.30294437333328,-119.55686925494655,0.0,0.0,0.0,11.609178172720318,6.887698360225378,0.783367438491979,9.769610699174713,0.2852443550222637,47.17257199149784,0.8289964526908222
187,38.73541183066742,-119.44967468755016,0.0,0.0,0.0,60.99293711758307,1.9272107989847724,17.063302104729686,33.34974238570401,2.4423724324024354,36.03177651082628,2.3690621869293853
188,39.28521930955597,-119.00071753158727,0.0,0.0,0.0,58.90019432774092,34.13822432865187,5.311702889957442,39.06013607202874,0.3079398306367532,79.93221001988651,39.2283791539667
189,39.348456888105694,-119.03100374271524,0.0,0.0,0.0,56.926693812772484,30.485382763856624,0.17268415074195498,34.8633099013615,6.571774265934508,81.52600370817201,36.98893358948304
190,38.81641777742274,-119.1513042655857,0.0,0.0,0.0,67.64661629471094,3.7235404376167183,12.420230598758051,54.51883920869271,3.7478126019432065,56.87932276567999,29.263164982125407
191,38.84962310943943,-119.51435887454929,0.0,0.0,0.0,47.10657317334834,12.882680250191001,4.9079013336683035,24.086414382408186,4.353869867241249,25.42601365788871,6.8166082353354485
192,38.74104477998053,-119.59895970745055,0.0,0.0,0.0,56.228233590852625,10.885640598571637,12.916287457851128,20.585582900678386,0.2643354660262048,25.73900221962545,10.784587747207715
193,39.389716190645814,-119.62102688102308,0.0,0.0,0.0,13.622652759961788,0.032083264087508355,5.028552197075195,10.266627907773684,2.887960166349576,54.1329289141179,8.281977475765565
194,39.248849421364,-119.73479694182785,0.0,0.0,0.0,0.03184340087018764,9.357753990608847,2.093320411096185,0.24886996279531154,3.0437500374110167,36.62319017050839,6.1594230447333596
195,38.99610524019312,-119.54499163266085,0.0,0.0,0.0,31.368949585655027,18.002614916306804,10.580054975215251,17.185218496921934,1.0304081387860473,23.424686805148742,10.965781103295374
196,39.3967958826449,-119.04268235914033,0.0,0.0,0.0,57.01042568007042,29.66171754710336,0.4596173828194842,33.456638253851715,5.518227037029798,83.9521924546905,37.15713169278798
197,39.202885792707434,-119.44423167659438,0.0,0.0,0.0,21.78954584766153,2.4136310109148655,2.857229066408963,18.158552968725548,2.6030792222653423,43.75849040875189,3.006502811463931